{"author":"Hy-Tommy","chatHook":"chathook","chatHookPlatform":1,"chatHookType":"everything","command_map":{"count":{"compatibly":1,"fscope":"show","hargs":{"en_US":"<all/@mention> <blank is yourself>","vi_VN":"<all/@user xem số tin nhắn đã gửi>"},"hdesc":{"en_US":"show count chat","vi_VN":"xem countchat của mình"}},"opensavecount":{"compatibly":1,"fscope":"opensave","hargs":{"en_US":"","vi_VN":"<Mở danh sách số tin nhắn đã lưu>"},"hdesc":{"en_US":"show last-saved count chat","vi_VN":"xem bản save-countchat cuối của group"}},"resetcount":{"compatibly":1,"fscope":"reset","hargs":{"en_US":"","vi_VN":"<Xoá dữ liệu tin nhắn>"},"hdesc":{"en_US":"reset count chat","vi_VN":"xóa data nhưng vẫn thực hiện chức năng đếm tin nhắn"}},"savecount":{"compatibly":1,"fscope":"save","hargs":{"en_US":"","vi_VN":"<Lưu số tin nhắn của group>"},"hdesc":{"en_US":"save count chat","vi_VN":"lưu countchat của group"}},"togglecount":{"compatibly":1,"fscope":"toggle","hargs":{"en_US":"","vi_VN":"<bật/tắt đếm tin nhắn>"},"hdesc":{"en_US":"start/stop count chat","vi_VN":"bật/tắt chức năng đếm tin nhắn"}}},"complied_for":"0.5.0","dependents":[],"node_depends":{},"plugin_exec":"countchat.js","plugin_name":"Countchat","plugin_scope":"countchat","version":"1.0"}