{"author":"Trung","command_map":{"bird":{"compatibly":1,"fscope":"bird","hargs":{"en_US":"","vi_VN":"<random ảnh chim>"},"hdesc":{"en_US":"Random send picture Bird","vi_VN":"Gửi ngẫu nhiên ảnh Bird"}},"meow":{"compatibly":2,"fscope":"meow","hargs":{"en_US":"","vi_VN":"Random ảnh mèo"},"hdesc":{"en_US":"Random send picture Cat","vi_VN":"Gửi ngẫu nhiên ảnh Cat"}},"pussy":{"compatibly":3,"fscope":"pussy","hargs":{"en_US":"","vi_VN":"<random ảnh pussy>"},"hdesc":{"en_US":"Random send picture Pussy","vi_VN":"Gửi ngẫu nhiên ảnh Pussy"}},"shiba":{"compatibly":0,"fscope":"shibe","hargs":{"en_US":"<random ảnh shiba>","vi_VN":""},"hdesc":{"en_US":"Random send picture Shibe","vi_VN":"Gửi ngẫu nhiên ảnh Shiba"}}},"complied_for":"0.5.0","node_depends":{"buffer":"*","fs":"*","node-fetch":"*","path":"*"},"plugin_exec":"shibe.js","plugin_name":"Shibe","plugin_scope":"shibe","version":"1.0"}