{"author":"Hy, UIRI","chatHook":"chathook","chatHookPlatform":1,"chatHookType":"everything","command_map":{"!!":{"compatibly":1,"fscope":"badwordfunc","hargs":{"en_US":"<the badword>","vi_VN":"<cấm/bỏ chữ muốn cấm>"},"hdesc":{"en_US":"Ban a badword/unban a badword","vi_VN":"Cấm chữ muốn cấm/bỏ cấm chữ muốn cấm"}},"badwordwhitelist":{"compatibly":1,"fscope":"badwordwhitelist","hargs":{"en_US":"<add/del> <@mention>","vi_VN":"<add/del> <@mention>"},"hdesc":{"en_US":"add/del the tag person.the bot won listen badword to the tag person, (.badwordwhitelist) to see the whitelist","vi_VN":"thêm/xóa người đc tag.bot sẽ ko nghe badword người đc tag, lệnh (.badwordwhitelist) để xem whitelist"}},"showbadword":{"compatibly":1,"fscope":"showbadword","hargs":{"en_US":"","vi_VN":"Hiển thị chữ đã cấm"},"hdesc":{"en_US":"show all badwords","vi_VN":"cho thấy những chữ cấm"}}},"complied_for":"0.3.0","dependents":["Economy"],"node_depends":{"wait-for-stuff":""},"plugin_exec":"badword.js","plugin_name":"Badword","plugin_scope":"badword","version":"1.0"}